663996152958877696,PCD   Jaymes,   Ya un pote il a trebucher vec on iphone6 dans la poche arriere on entend  crack  il dit  Seigneur fait que ce soit mon p ,Tue Nov 10 09:26:33 CET 2015,iphone6,0
663995498379026432,JACQUE,Etui Cuir iPhone 6 ribal Bleue   Housse Apple Flip  ,Tue Nov 10 09:23:57 CET 2015,iphone6,4
663991002202374144,tout pour iphone,   OnePlus 2 vs HC One M9       h ,Tue Nov 10 09:06:05 CET 2015,iphone6,2
663989922383183872,dogpunk,     A FAIE OUNE Iphone6 64GB achet  le 15 ao t PAFAI  A A vendre 600 avec facture et Garantie UGEN   bisn ,Tue Nov 10 09:01:48 CET 2015,iphone6,2
663985681945878528,AppYouNeed, iPad Pro   date de sortie le 11 novembre en France ,Tue Nov 10 08:44:57 CET 2015,iphone6,4
663983985194835968,Swoosh,   Ya un pote il a trebucher vec on iphone6 dans la poche arriere on entend  crack  il dit  Seigneur fait que ce soit mon p ,Tue Nov 10 08:38:12 CET 2015,iphone6,2
663982351555268608,shishikoma,4 iPhone6 iPhone6Plus debut spec  ,Tue Nov 10 08:31:43 CET 2015,iphone6,2
663982042007212033,Smart Mobile Hub,OnePlus 2 vs HC One M9       ,Tue Nov 10 08:30:29 CET 2015,iphone6,2
663977807928774656,black money,   Ya un pote il a trebucher vec on iphone6 dans la poche arriere on entend  crack  il dit  Seigneur fait que ce soit mon p ,Tue Nov 10 08:13:40 CET 2015,iphone6,0
663977431632650240,jamila,   Ya un pote il a trebucher vec on iphone6 dans la poche arriere on entend  crack  il dit  Seigneur fait que ce soit mon p ,Tue Nov 10 08:12:10 CET 2015,iphone6,0
663975954436513792,Guillaum Dchr,   Ya un pote il a trebucher vec on iphone6 dans la poche arriere on entend  crack  il dit  Seigneur fait que ce soit mon p ,Tue Nov 10 08:06:18 CET 2015,iphone6,0
663972362954649600,Gena ,A noel je veux l iphone6 je veux une place pour le concert de Drake a Paris   ,Tue Nov 10 07:52:01 CET 2015,iphone6,4
663972295321497600,Mr Intimement,     A FAIE OUNE Iphone6 64GB achet  le 15 ao t PAFAI  A A vendre 600 avec facture et Garantie UGEN   bisn ,Tue Nov 10 07:51:45 CET 2015,iphone6,4
663971866814644225,JACQUE,Etui Cuir iPhone 6 James 007   Housse Apple Flip  ,Tue Nov 10 07:50:03 CET 2015,iphone6,4
663971459950354432,sab,   Ya un pote il a trebucher vec on iphone6 dans la poche arriere on entend  crack  il dit  Seigneur fait que ce soit mon p ,Tue Nov 10 07:48:26 CET 2015,iphone6,0
663790424503513088,MokkoW,  Fredixe fr  Sympas les pistes cyclables    Lille  Vlille   foutage de g e ou pas    ,Mon Nov 09 19:49:04 CET 2015,vlille,4
663783528941944832,F ,Sympas les pistes cyclables    Lille  Vlille   foutage de g e ou pas    ,Mon Nov 09 19:21:40 CET 2015,vlille,4
663636252135133185,Ludwig Wultz, gurdiiil ah en plus   joli   ton v lo est p t    ou vlille  ,Mon Nov 09 09:36:26 CET 2015,vlille,4
662681118160896000,W o,C est combien  VLille  Lille ,Fri Nov 06 18:21:05 CET 2015,vlille,2
662276231866486784,Berangere,que pour l abonnement VLille ce n est pas ici   iens la personne que j ai eu au t l phone n avait pas d  juger utile de m en informer ,Thu Nov 05 15:32:12 CET 2015,vlille,2
662014491983544320,momo, GermainCouture7 att  tape par  tape jprend d j  ma carte vLille,Wed Nov 04 22:12:09 CET 2015,vlille,2
661281842398670850,Nina,Mdr l itin raire transpole qui me dit d aller bosser en vlille  Allez Sors moi les horaires de bus c est plus dr le,Mon Nov 02 21:40:51 CET 2015,vlille,2
661088811519225856,Christophe Montel,Les  vlille font encore fort   Merci l appli  transpole   ,Mon Nov 02 08:53:49 CET 2015,vlille,4
661079877127376896,Antoine Meausoone,  ojacquemart  La nouvelle version de vlilleChecker supporte les widgets   vlille  transpole  lille,Mon Nov 02 08:18:19 CET 2015,vlille,4
661076758154911744,Olivier Jacquemart,La nouvelle version de vlilleChecker supporte les widgets   vlille  transpole  lille,Mon Nov 02 08:05:56 CET 2015,vlille,4
663790424503513088,MokkoW,   Sympas les pistes cyclables    Lille  Vlille   foutage de g e ou pas    ,Mon Nov 09 19:49:04 CET 2015,vlille,4
663783528941944832,F ,Sympas les pistes cyclables    Lille  Vlille   foutage de g e ou pas    ,Mon Nov 09 19:21:40 CET 2015,vlille,4
663636252135133185,Ludwig Wultz, ah en plus   joli   ton v lo est p t    ou vlille  ,Mon Nov 09 09:36:26 CET 2015,vlille,4
662681118160896000,W o,C est combien  VLille  Lille ,Fri Nov 06 18:21:05 CET 2015,vlille,2
662276231866486784,Berangere,que pour l abonnement VLille ce n est pas ici   iens la personne que j ai eu au t l phone n avait pas d  juger utile de m en informer ,Thu Nov 05 15:32:12 CET 2015,vlille,0
662014491983544320,momo, att  tape par  tape jprend d j  ma carte vLille,Wed Nov 04 22:12:09 CET 2015,vlille,0
661281842398670850,Nina,Mdr l itin raire transpole qui me dit d aller bosser en vlille  Allez Sors moi les horaires de bus c est plus dr le,Mon Nov 02 21:40:51 CET 2015,vlille,0
661088811519225856,Christophe Montel,Les  vlille font encore fort   Merci l appli  transpole   ,Mon Nov 02 08:53:49 CET 2015,vlille,4
661079877127376896,Antoine Meausoone,   La nouvelle version de vlilleChecker supporte les widgets   vlille  transpole  lille,Mon Nov 02 08:18:19 CET 2015,vlille,4
661076758154911744,Olivier Jacquemart,La nouvelle version de vlilleChecker supporte les widgets   vlille  transpole  lille,Mon Nov 02 08:05:56 CET 2015,vlille,4
663997409039663104,France 3 Alpes,Affaire Air Coca ne  la justice examinera le 18 novembre l appel des pilotes sur leur d tention provisoire ,Tue Nov 10 09:31:33 CET 2015,air cocaine,4
663996794985168896,Eric BAUE,   Surtout apr s l affaire Air Coca ne nos d saccords avec A Chauprade  taient devenus trop importants et son maintien au F ,Tue Nov 10 09:29:07 CET 2015,air cocaine,4
663995682609590272,martine studer,   Surtout apr s l affaire Air Coca ne nos d saccords avec A Chauprade  taient devenus trop importants et son maintien au F ,Tue Nov 10 09:24:41 CET 2015,air cocaine,4
663994511480266752,Davy odr guez,   Surtout apr s l affaire Air Coca ne nos d saccords avec A Chauprade  taient devenus trop importants et son maintien au F ,Tue Nov 10 09:20:02 CET 2015,air cocaine,2
663993861514125312,alents de Bourgogne,Affaire Air Coca ne  la justice examinera le 18 novembre l appel des pilotes sur leur d tention provisoire ,Tue Nov 10 09:17:27 CET 2015,air cocaine,4
663990894119559168,Mwit ,Je vois beaucoup de gens qui ont l air tr s sur de l innocence des pilotes d air coca ne   rilleuse en cas de culpabilit ,Tue Nov 10 09:05:40 CET 2015,air cocaine,0
663990748736434176,Jarod,6 choses   savoir sur l intrigant Aymeric Chauprade ,Tue Nov 10 09:05:05 CET 2015,air cocaine,0
663988136352088064,Francesca,L eurod put  Aymeric Chauprade quitte le Front national via ,Tue Nov 10 08:54:42 CET 2015,air cocaine,0
663988055431323648,Init BB,   quitte FN Ce qui est s r est que a bien fait de l engueuler pour son r le dans Coca ne   ,Tue Nov 10 08:54:23 CET 2015,air cocaine,0
663987935214194689,Claude L U I ,Air Coca ne   Chauprade s exfiltre du FN via ,Tue Nov 10 08:53:54 CET 2015,air cocaine,2
663987146521509889,Mass Appeal Army 35,     Aymeric pourrait d sormais faire l objet d investigations   Saint Domingue et en France ,Tue Nov 10 08:50:46 CET 2015,air cocaine,0
663986910470275080, Jakh,    ne   Aymeric reconna t avoir exfiltr  les pilotes ,Tue Nov 10 08:49:50 CET 2015,air cocaine,2
663986640868745217,UltraBadGambit,     Aymeric pourrait d sormais faire l objet d investigations   Saint Domingue et en France ,Tue Nov 10 08:48:46 CET 2015,air cocaine,2
663986180762005504,agostino,   quitte FN Ce qui est s r est que a bien fait de l engueuler pour son r le dans Coca ne   ,Tue Nov 10 08:46:56 CET 2015,air cocaine,2
663986180342566912,Enigme,     Aymeric pourrait d sormais faire l objet d investigations   Saint Domingue et en France ,Tue Nov 10 08:46:56 CET 2015,air cocaine,2
663999452168982528,Laufra Fran ois,Encore une mesure de   Fonctionnaires  Macron favorable   accro tre la part de m rite dans les salaires,Tue Nov 10 09:39:40 CET 2015,sarkozy,4
663999375690067968,Nico BISPUHE ,   Sarkozy est une branche morte qu il faut couper pour Bernard Debr  via ,Tue Nov 10 09:39:22 CET 2015,sarkozy,0
663999301652090882,renaud epstein, 10 11 2005 09 39  France  l accalmie se confirme Sarkozy suscite une nouvelle pol mique ,Tue Nov 10 09:39:04 CET 2015,sarkozy,0
663999257356206081,Ignace Gegnot, Le place son propre Sarkozy ,Tue Nov 10 09:38:54 CET 2015,sarkozy,0
663999121360072704,curcuma60,   En m me temps le FN ne vous a rien demand  monsieur Sarkozy,Tue Nov 10 09:38:21 CET 2015,sarkozy,2
663998992532008960,V   ,     Sarkozy est une branche morte qu il faut couper pour Bernard Debr  via  ,Tue Nov 10 09:37:50 CET 2015,sarkozy,2
663998978451775488,belusmedia,   J appr ciais les n cessaires coups de gueule d Andr  Glucksmann pas son soutien   Sarkozy en 2007 ni sa coiffure ,Tue Nov 10 09:37:47 CET 2015,sarkozy,2
663998952270905344,emplier, En m me temps le FN ne vous a rien demand  monsieur Sarkozy,Tue Nov 10 09:37:41 CET 2015,sarkozy,2
663998945480327168,V   ,   Sarkozy est une branche morte qu il faut couper pour Bernard Debr  via ,Tue Nov 10 09:37:39 CET 2015,sarkozy,2
663998940577177600,Caroline,   J appr ciais les n cessaires coups de gueule d Andr  Glucksmann pas son soutien   Sarkozy en 2007 ni sa coiffure ,Tue Nov 10 09:37:38 CET 2015,sarkozy,2
663998879105445888,matamor, C est pour  a que Sarkozy va voir Poutine   de la dope pour ses performances de grimpeur   ou pour donner des conseils  ,Tue Nov 10 09:37:23 CET 2015,sarkozy,0
663998866640003072,lonejoe, je crois qu il etait plus ambitieux que sarkozy meme s il n a pas totalement tors,Tue Nov 10 09:37:20 CET 2015,sarkozy,0
663998740106248192,Au Bistrot des Mots,J appr ciais les n cessaires coups de gueule d Andr  Glucksmann pas son soutien   Sarkozy en 2007 ni sa coiffure ,Tue Nov 10 09:36:50 CET 2015,sarkozy,2
663998700658810880,bacou joelle, surtout soutien a sarkozy c est impardonnable,Tue Nov 10 09:36:41 CET 2015,sarkozy,2
663998636980895744,DAVIDJONQUE,   NON SAKOZY NE EVIEN PAS POU LA FANCE IL EVIEN POU SON IMMUNI  ,Tue Nov 10 09:36:26 CET 2015,sarkozy,2
663999995276861446,Elizabeth LAINE ,Victoire contre la m ningite A en Afrique via ,Tue Nov 10 09:41:50 CET 2015,afrique,4
663999864255160320,patrick busubwa ngwi, c est l h pital qui se moque de la charit ,Tue Nov 10 09:41:18 CET 2015,afrique,2
663999717077098496,Num ro 7 ,     Pos  au bled en mode repos  Loin du froid de la France l album t en afrique ou ds wa ,Tue Nov 10 09:40:43 CET 2015,afrique,4
663999687758868480,ActuAviation,Norbert Senga   Aucune compagnie a rienne digne de ce nom en Afrique ne peut  voluer en solo  ,Tue Nov 10 09:40:36 CET 2015,afrique,4
663999657824120833,Ahmed,   les ins curit s sont elles une menace pour la croissance   curit  ,Tue Nov 10 09:40:29 CET 2015,afrique,0
663999592405553153,Elsa Vercellino,   Victoire contre la m ningite A en Afrique ,Tue Nov 10 09:40:14 CET 2015,afrique,4
663999566778376192,ebce,D couvrez les destinations id ales pour cet hiver   Faites votre VISA chez EBCE   ,Tue Nov 10 09:40:07 CET 2015,afrique,4
663999514030796800,Ahmat Adoum Ahmat bo,   Proc s Habr  le t moignage de Cl ment Aba fouta victime et fossoyeur ,Tue Nov 10 09:39:55 CET 2015,afrique,4
663999453376995328,Afdi,40 chefs d   tats r unis lors du 3 me sommet Inde Afrique   New Delhi  Lire l article  ,Tue Nov 10 09:39:40 CET 2015,afrique,4
663999402193866752,Olivia Nloga,Forum paix et s curit  au Senegal  l islam en d bat Pr M Sall l  doit d fendre un qui lui est propre,Tue Nov 10 09:39:28 CET 2015,afrique,4
663999326570618880,Mwana Congo,FI   Burundi ONU   A l ONU la France r clame la fin des violences au Burundi ,Tue Nov 10 09:39:10 CET 2015,afrique,4
663999301387948033,Mutoni Jean Petit,La ussie accuse la France de vouloir renverser les institutions burundaises ,Tue Nov 10 09:39:04 CET 2015,afrique,2
663999282257780736,Ahmat Adoum Ahmat bo,   N Djamena instaure l tat d urgence dans la r gion du lac chad ,Tue Nov 10 09:39:00 CET 2015,afrique,0
663999206265344000,Article 220, Exactement  ,Tue Nov 10 09:38:41 CET 2015,afrique,0
663999205384540160,Alapini muriel,   AKAA   la 1 re foire d art contemporain et de design d Afrique   Paris https ,Tue Nov 10 09:38:41 CET 2015,afrique,4
663998177071210496,BOULCY,  Espritscience1  Kim Kardashian   Un fan d pense 120 000 euros pour lui ressembler   OMG   ,Tue Nov 10 09:34:36 CET 2015,kim kardashian,2
663997064582295553,Wyzman ajaona,SUCCESS SOY   Kim Kardashian   de panneau publicitaire    g rie mode par  mrgx k ,Tue Nov 10 09:30:11 CET 2015,kim kardashian,2
663995705086865408,ntm,  Espritscience1  Kim Kardashian   Un fan d pense 120 000 euros pour lui ressembler   OMG   ,Tue Nov 10 09:24:47 CET 2015,kim kardashian,4
663993893546041344,c est r on s adapte ,  Espritscience1  Kim Kardashian   Un fan d pense 120 000 euros pour lui ressembler   OMG   ,Tue Nov 10 09:17:35 CET 2015,kim kardashian,4
663993478922297344,Mrterminalex,  Espritscience1  Kim Kardashian   Un fan d pense 120 000 euros pour lui ressembler   OMG   ,Tue Nov 10 09:15:56 CET 2015,kim kardashian,4
663992023410745345,Yoshi,  Espritscience1  Kim Kardashian   Un fan d pense 120 000 euros pour lui ressembler   OMG   ,Tue Nov 10 09:10:09 CET 2015,kim kardashian,4
663991356793233412,Ghetto D esse,  Espritscience1  Kim Kardashian   Un fan d pense 120 000 euros pour lui ressembler   OMG   ,Tue Nov 10 09:07:30 CET 2015,kim kardashian,4
663990775437398016,Buzz Actus,Kim Kardashian une femme enceinte sexy    Photo  Sacr e Kim Kardashian   Alors qu elle ne va pas tarder   ac  ,Tue Nov 10 09:05:11 CET 2015,kim kardashian,4
663989833904320512,KimKFrench,  Kim Kardashian dans les coulisses du shoot Hype Energy sur    KimKardashian ,Tue Nov 10 09:01:27 CET 2015,kim kardashian,4
663989784814166016,KimKFrench,  Kim Kardashian dans les coulisses du shoot Hype Energy sur    KimKardashian ,Tue Nov 10 09:01:15 CET 2015,kim kardashian,4
663989706322018304,KimKFrench,  Kim Kardashian dans les coulisses du shoot Hype Energy sur    KimKardashian ,Tue Nov 10 09:00:56 CET 2015,kim kardashian,4
663989565183664128,Goupix,  Streetules com  C est quel genre de rat  qui ach te le selfie book de Kim Kardashian  ,Tue Nov 10 09:00:23 CET 2015,kim kardashian,0
663989505913933824,KimKFrench,  Kim Kardashian dans les coulisses du shoot Hype Energy sur    KimKardashian ,Tue Nov 10 09:00:09 CET 2015,kim kardashian,4
663989421809778688,KimKFrench,  Kim Kardashian dans les coulisses du shoot Hype Energy sur    KimKardashian ,Tue Nov 10 08:59:49 CET 2015,kim kardashian,4
663989236589293568,KimKFrench,  Kim Kardashian dans les coulisses du shoot Hype Energy sur    KimKardashian ,Tue Nov 10 08:59:04 CET 2015,kim kardashian,4
664000995387645953,Eleonora,   ONU   la France pr sente un projet de r solution pour mettre fin aux violences au via  ,Tue Nov 10 09:45:48 CET 2015,onu,4
664000922654257152,Le Monde Afrique,ONU   la France pr sente un projet de r solution pour mettre fin aux violences au ,Tue Nov 10 09:45:31 CET 2015,onu,4
664000768341618688,La Likouala, ONU fr le dictateur SASSOU NGUESSO detruit le sens Educatif de la jeunesse Congolaise SASSOU NGUESSO doit partir ,Tue Nov 10 09:44:54 CET 2015,onu,0
664000710766436352,Afdi,COP21 des engagements insuffisants mais limite  2 C encore atteignable selon l ONU  ,Tue Nov 10 09:44:40 CET 2015,onu,0
664000652557725696,Actu Afrique, Crise au Burundi     l ONU la France r clame la fin des  ,Tue Nov 10 09:44:26 CET 2015,onu,4
664000640067203072,Actu Afrique,Crise au Burundi     l ONU la France r clame la fin des violences ,Tue Nov 10 09:44:23 CET 2015,onu,4
664000625345224704,Parti adical XIV,   etrouvez l itw de Selim Jahan par sur   cc https ,Tue Nov 10 09:44:20 CET 2015,onu,0
664000558441897984,Olivier Diansosa,   Paris et Londres somment l ONU d agir pour  viter les violences au Burundi ,Tue Nov 10 09:44:04 CET 2015,onu,4
664000514229731328,KAZE,     Le Conseil de s curit  de l ONU s alarme ,Tue Nov 10 09:43:53 CET 2015,onu,0
664000446433009664,Damien oulette,   Le Conseil de s curit  de l ONU s alarme ,Tue Nov 10 09:43:37 CET 2015,onu,0
664000292854374400,GeoHub,   70 ans de l  un colloque de l  s est pench  sur ses r alisations et les d fis qui l attendent ,Tue Nov 10 09:43:01 CET 2015,onu,4
664000284620931072,KAZE,   Crise au     l  la France r clame la fin des violences ,Tue Nov 10 09:42:59 CET 2015,onu,4
664000027140841472,Cloud Actualit  24 7,Burundi  Paris r clame   l ONU la fin des violences ,Tue Nov 10 09:41:57 CET 2015,onu,4
664000023810736128,Hamza Fassi Fihri,   L ombre du g nocide rwandais a plan  sur les d bat du Conseil de s curit  ce lundi  ,Tue Nov 10 09:41:56 CET 2015,onu,0
663999989648072704,weet wanda,   L Ambass  britanique   l ONU en a appel    d mesures fortes pr emp cher l histoire  genocide rwdais  d se r p ter  ,Tue Nov 10 09:41:48 CET 2015,onu,4
664001533424611328,Antoinette MONAIGNE,La persistance de l ins curit  g n ralis e permet pas la poursuite des  lections au forceps   risques aggrav s et   ,Tue Nov 10 09:47:56 CET 2015,centrafrique,0
664001475887177728,Notre Afrik,Centrafrique   Le nouveau calendrier  lectoral fix  malgr  les tensions   ,Tue Nov 10 09:47:43 CET 2015,centrafrique,4
664000397812572160,David Bobin,   Voir et  couter Olivier photographe des  mes bless es de Centrafrique  ,Tue Nov 10 09:43:26 CET 2015,centrafrique,4
664000105507389440,A  Dologu l  2015,Bravo   Mamadou  et Ga l  pour leur action pour la Paix en ,Tue Nov 10 09:42:16 CET 2015,centrafrique,4
663999498943897600,Volkert M D, ou est ce que je peux trouver ce pagne avec impression   ,Tue Nov 10 09:39:51 CET 2015,centrafrique,2
663999198304440320,Agence MYOP,   Voir et  couter Olivier photographe des  mes bless es de Centrafrique  ,Tue Nov 10 09:38:40 CET 2015,centrafrique,4
663998070229737472,Micha l Ngako,     l gislatives et pr sidentielle fix es au 27 d cembre ,Tue Nov 10 09:34:11 CET 2015,centrafrique,4
663997034098253824,abangui com, Noureddine Adam et le FPC un danger pour les  lections et pour les minorit s de la CA   ,Tue Nov 10 09:30:04 CET 2015,centrafrique,0
663996748935901184, cr p ,     l gislatives et pr sidentielle fix es au 27 d cembre ,Tue Nov 10 09:28:56 CET 2015,centrafrique,4
663996226774372352,Alazgbo Lapago,Malgr  les troubles la CA fixe son nouveau calendrier  lectoral via FI,Tue Nov 10 09:26:51 CET 2015,centrafrique,0
663996153554423808,ZIGUELE MAIN,Malgr  les troubles la CA fixe son nouveau calendrier  lectoral ,Tue Nov 10 09:26:34 CET 2015,centrafrique,4
663996060084359168,Anicet G  Dologu l ,   Malgr  les troubles la CA fixe son nouveau calendrier  lectoral ,Tue Nov 10 09:26:11 CET 2015,centrafrique,4
663995966316371968,Stephanie Hartmann,   Centrafrique   lections l gislatives et pr sidentielle fix es au 27 d cembre ,Tue Nov 10 09:25:49 CET 2015,centrafrique,4
663995894723969024,pepereronchon,   Centrafrique   lections l gislatives et pr sidentielle fix es au 27 d cembre ,Tue Nov 10 09:25:32 CET 2015,centrafrique,4
663995857696632833,pepereronchon,   Nouveaux affrontements en Centrafrique malgr  les casques bleus ,Tue Nov 10 09:25:23 CET 2015,centrafrique,0
664002262893637632,Ma maison Mon jardin, USA  le parc SeaWorld annule son attraction vedette avec les orques   AFP    Le parc d attraction  ,Tue Nov 10 09:50:50 CET 2015,usa,0
664002243843260417,Peg Gobert,Lot 18 5V 3 5A AC Power Charger Cable   Adapter For HP DV5 Compaq G60 G70 Series ,Tue Nov 10 09:50:46 CET 2015,usa,2
664002240592666624,Peg Gobert,Lot 18 5V 3 5A AC Power Charger Cable   Adapter For HP DV5 Compaq G60 G70 Series ,Tue Nov 10 09:50:45 CET 2015,usa,2
664002237077786624,Peg Gobert,Lot 18 5V 3 5A AC Power Charger Cable   Adapter For HP DV5 Compaq G60 G70 Series ,Tue Nov 10 09:50:44 CET 2015,usa,2
664002234053738496,Peg Gobert,Lot 18 5V 3 5A AC Power Charger Cable   Adapter For HP DV5 Compaq G60 G70 Series ,Tue Nov 10 09:50:43 CET 2015,usa,2
664002230681362432,Peg Gobert,Lot 18 5V 3 5A AC Power Charger Cable   Adapter For HP DV5 Compaq G60 G70 Series ,Tue Nov 10 09:50:43 CET 2015,usa,2
664002132824166400,Jocelyne Galy,Les USA vont muscler leur pr sence militaire en Europe via ,Tue Nov 10 09:50:19 CET 2015,usa,0
664002110288187392,Shamus Wynn,Lot 18 5V 3 5A AC Power Charger Cable   Adapter For HP DV5 Compaq G60 G70 Series ,Tue Nov 10 09:50:14 CET 2015,usa,2
664002107570286593,Shamus Wynn,Lot 18 5V 3 5A AC Power Charger Cable   Adapter For HP DV5 Compaq G60 G70 Series ,Tue Nov 10 09:50:13 CET 2015,usa,2
664002103241793537,Shamus Wynn,Lot 18 5V 3 5A AC Power Charger Cable   Adapter For HP DV5 Compaq G60 G70 Series ,Tue Nov 10 09:50:12 CET 2015,usa,2
664002099966025728,Shamus Wynn,Lot 18 5V 3 5A AC Power Charger Cable   Adapter For HP DV5 Compaq G60 G70 Series ,Tue Nov 10 09:50:11 CET 2015,usa,2
664002096157564928,Shamus Wynn,Lot 18 5V 3 5A AC Power Charger Cable   Adapter For HP DV5 Compaq G60 G70 Series ,Tue Nov 10 09:50:10 CET 2015,usa,2
664002092277870592,Shamus Wynn,Lot 18 5V 3 5A AC Power Charger Cable   Adapter For HP DV5 Compaq G60 G70 Series ,Tue Nov 10 09:50:10 CET 2015,usa,2
664002070840795136,Seymour Walliker,65W For oshiba Satellite C655 L755 S5246 PA3714U 1ACA AC Adapter Power Charger ,Tue Nov 10 09:50:04 CET 2015,usa,2
664001962871037952,Fathi almoudi,Non dit le Francais les USA ne sont pas seuls pour la lutte contre l humiliation unisienne par la ussie chinoise  Il faut l eradiquer ,Tue Nov 10 09:49:39 CET 2015,usa,2
664026460626288645,daline ,Jui avec Claire et omanne on est en train de boire un chocolat  ,Tue Nov 10 11:26:59 CET 2015,chocolat,4
664026392619786240,thg,le chocolat ma vie,Tue Nov 10 11:26:43 CET 2015,chocolat,4
664026061441802240,tg,  Idisaagree   claemsy le chocolat a besoin de moi mais je vais lui mettre un r teau,Tue Nov 10 11:25:24 CET 2015,chocolat,4
664026016998940672,asleep, claemsy le chocolat a besoin de moi mais je vais lui mettre un r teau,Tue Nov 10 11:25:14 CET 2015,chocolat,4
664026014373253120,Anon Nhime,Pas les tablettes de chocolat  je pense pas que je puisse en avoir tfa on  a d pend vachement de la g n tique et avec la scoliose jpense,Tue Nov 10 11:25:13 CET 2015,chocolat,4
664026002625032192,Le sucre et vous, DELICE  Ganache chocolat samana et sp culoos   Avec de la  vergeoise   via  Le Figaro ,Tue Nov 10 11:25:10 CET 2015,chocolat,4
664025980512567296,Le  l gramme,  wizardo29  Georges Larnicol  Le joaillier du chocolat via  letelegramme ,Tue Nov 10 11:25:05 CET 2015,chocolat,4
664025974074449924,Dulta,  maxbesnard  Grosse ambiance    Bruges  boobs  boobies  seins  chocolat  belgique  belgitude  foodporn  https ,Tue Nov 10 11:25:03 CET 2015,chocolat,4
664025951592955904,COLDDINK,Salon du chocolat 2015 vannes Ma cr ation du oi Arthur   porte par Jack uze ,Tue Nov 10 11:24:58 CET 2015,chocolat,4
664025928390074368,tg, Idisaagree le chocolat n a pas besoin de toi  Il te veut m me pas  Alors arr te de courir apr s un mec que t auras pas,Tue Nov 10 11:24:52 CET 2015,chocolat,4
664025902360207360,moreaux raymond,artufo di pizzo Un dessert glac  au chocolat et   la noisette au coeur coulant pour vous faire fondre origina ,Tue Nov 10 11:24:46 CET 2015,chocolat,4
664025815739408384,tg, Idisaagree everybody stay calm   La question est   as tu besoin du chocolat ou le chocolat a t il besoin de toi  ,Tue Nov 10 11:24:26 CET 2015,chocolat,4
664025588223614976,Pomme,  cedubeton  Aliz e avait d j  mang  son manteau et son pull avant de monter sur le podium du Salon du chocolat de Paris  ,Tue Nov 10 11:23:31 CET 2015,chocolat,4
664025267938181120,cedubeton,Aliz e avait d j  mang  son manteau et son pull avant de monter sur le podium du Salon du chocolat de Paris  ,Tue Nov 10 11:22:15 CET 2015,chocolat,4
664025206382546946,COLDDINK,  ha cecile   Krunchips Un magnifique moment au salon du chocolat ,Tue Nov 10 11:22:00 CET 2015,chocolat,4
664026460626288645,daline ,Jui avec Claire et omanne on est en train de boire un chocolat  ,Tue Nov 10 11:26:59 CET 2015,chocolat,4
664026392619786240,thg,le chocolat ma vie,Tue Nov 10 11:26:43 CET 2015,chocolat,4
664026061441802240,tg,   le chocolat a besoin de moi mais je vais lui mettre un r teau,Tue Nov 10 11:25:24 CET 2015,chocolat,4
664026016998940672,asleep, le chocolat a besoin de moi mais je vais lui mettre un r teau,Tue Nov 10 11:25:14 CET 2015,chocolat,4
664026014373253120,Anon Nhime,Pas les tablettes de chocolat  je pense pas que je puisse en avoir tfa on  a d pend vachement de la g n tique et avec la scoliose jpense,Tue Nov 10 11:25:13 CET 2015,chocolat,4
664026002625032192,Le sucre et vous, DELICE  Ganache chocolat samana et sp culoos   Avec de la   via ,Tue Nov 10 11:25:10 CET 2015,chocolat,4
664025980512567296,Le  l gramme,   Georges Larnicol  Le joaillier du chocolat via ,Tue Nov 10 11:25:05 CET 2015,chocolat,4
664025974074449924,Dulta,   Grosse ambiance       https ,Tue Nov 10 11:25:03 CET 2015,chocolat,4
664025951592955904,COLDDINK,Salon du chocolat 2015 vannes Ma cr ation du oi Arthur   porte par Jack uze ,Tue Nov 10 11:24:58 CET 2015,chocolat,4
664025928390074368,tg, le chocolat n a pas besoin de toi  Il te veut m me pas  Alors arr te de courir apr s un mec que t auras pas,Tue Nov 10 11:24:52 CET 2015,chocolat,4
664025902360207360,moreaux raymond,artufo di pizzo Un dessert glac  au chocolat et   la noisette au coeur coulant pour vous faire fondre origina ,Tue Nov 10 11:24:46 CET 2015,chocolat,4
664025815739408384,tg, everybody stay calm   La question est   as tu besoin du chocolat ou le chocolat a t il besoin de toi  ,Tue Nov 10 11:24:26 CET 2015,chocolat,4
664025588223614976,Pomme,   Aliz e avait d j  mang  son manteau et son pull avant de monter sur le podium du Salon du chocolat de Paris  ,Tue Nov 10 11:23:31 CET 2015,chocolat,4
664025267938181120,cedubeton,Aliz e avait d j  mang  son manteau et son pull avant de monter sur le podium du Salon du chocolat de Paris  ,Tue Nov 10 11:22:15 CET 2015,chocolat,4
664025206382546946,COLDDINK,   Un magnifique moment au salon du chocolat ,Tue Nov 10 11:22:00 CET 2015,chocolat,4
664026460626288645,daline ,Jui avec Claire et omanne on est en train de boire un chocolat  ,Tue Nov 10 11:26:59 CET 2015,chocolat,4
664026392619786240,thg,le chocolat ma vie,Tue Nov 10 11:26:43 CET 2015,chocolat,4
664026061441802240,tg,   le chocolat a besoin de moi mais je vais lui mettre un r teau,Tue Nov 10 11:25:24 CET 2015,chocolat,4
664026016998940672,asleep, le chocolat a besoin de moi mais je vais lui mettre un r teau,Tue Nov 10 11:25:14 CET 2015,chocolat,4
664026014373253120,Anon Nhime,Pas les tablettes de chocolat  je pense pas que je puisse en avoir tfa on  a d pend vachement de la g n tique et avec la scoliose jpense,Tue Nov 10 11:25:13 CET 2015,chocolat,4
664026002625032192,Le sucre et vous, DELICE  Ganache chocolat samana et sp culoos   Avec de la   via ,Tue Nov 10 11:25:10 CET 2015,chocolat,4
664025980512567296,Le  l gramme,   Georges Larnicol  Le joaillier du chocolat via ,Tue Nov 10 11:25:05 CET 2015,chocolat,4
664025974074449924,Dulta,   Grosse ambiance       https ,Tue Nov 10 11:25:03 CET 2015,chocolat,4
664025951592955904,COLDDINK,Salon du chocolat 2015 vannes Ma cr ation du oi Arthur   porte par Jack uze ,Tue Nov 10 11:24:58 CET 2015,chocolat,4
664025928390074368,tg, le chocolat n a pas besoin de toi  Il te veut m me pas  Alors arr te de courir apr s un mec que t auras pas,Tue Nov 10 11:24:52 CET 2015,chocolat,4
664025902360207360,moreaux raymond,artufo di pizzo Un dessert glac  au chocolat et   la noisette au coeur coulant pour vous faire fondre origina ,Tue Nov 10 11:24:46 CET 2015,chocolat,4
664025815739408384,tg, everybody stay calm   La question est   as tu besoin du chocolat ou le chocolat a t il besoin de toi  ,Tue Nov 10 11:24:26 CET 2015,chocolat,4
664025588223614976,Pomme,   Aliz e avait d j  mang  son manteau et son pull avant de monter sur le podium du Salon du chocolat de Paris  ,Tue Nov 10 11:23:31 CET 2015,chocolat,4
664025267938181120,cedubeton,Aliz e avait d j  mang  son manteau et son pull avant de monter sur le podium du Salon du chocolat de Paris  ,Tue Nov 10 11:22:15 CET 2015,chocolat,4
664025206382546946,COLDDINK,   Un magnifique moment au salon du chocolat ,Tue Nov 10 11:22:00 CET 2015,chocolat,4
664026460626288645,daline ,Jui avec Claire et omanne on est en train de boire un chocolat  ,Tue Nov 10 11:26:59 CET 2015,chocolat,4
664026392619786240,thg,le chocolat ma vie,Tue Nov 10 11:26:43 CET 2015,chocolat,4
664026061441802240,tg,  Idisaagree   claemsy le chocolat a besoin de moi  mais je vais lui mettre un r teau,Tue Nov 10 11:25:24 CET 2015,chocolat,4
664026016998940672,asleep, claemsy le chocolat a besoin de moi  mais je vais lui mettre un r teau,Tue Nov 10 11:25:14 CET 2015,chocolat,4
664026014373253120,Anon Nhime,Pas les tablettes de chocolat  je pense pas que je puisse en avoir tfa on   a d pend vachement de la g n tique et avec la scoliose jpense,Tue Nov 10 11:25:13 CET 2015,chocolat,4
664026002625032192,Le sucre et vous, DELICE  Ganache chocolat samana et sp culoos   Avec de la   via  Le Figaro ,Tue Nov 10 11:25:10 CET 2015,chocolat,4
664025980512567296,Le  l gramme,  wizardo29  Georges Larnicol  Le joaillier du chocolat via  letelegramme ,Tue Nov 10 11:25:05 CET 2015,chocolat,4
664025974074449924,Dulta,  maxbesnard  Grosse ambiance       https ,Tue Nov 10 11:25:03 CET 2015,chocolat,4
664025951592955904,COLDDINK,Salon du chocolat 2015  vannes   Ma cr ation du oi Arthur   porte par Jack uze ,Tue Nov 10 11:24:58 CET 2015,chocolat,4
664025928390074368,tg, Idisaagree le chocolat n a pas besoin de toi  Il te veut m me pas  Alors arr te de courir apr s un mec que t auras pas,Tue Nov 10 11:24:52 CET 2015,chocolat,4
664025902360207360,moreaux raymond,artufo di pizzo Un dessert glac  au chocolat et   la noisette  au coeur coulant pour vous faire fondre  origina ,Tue Nov 10 11:24:46 CET 2015,chocolat,4
664025815739408384,tg, Idisaagree everybody stay calm   La question est   as tu besoin du chocolat ou le chocolat a t il besoin de toi  ,Tue Nov 10 11:24:26 CET 2015,chocolat,4
664025588223614976,Pomme,  cedubeton  Aliz e avait d j  mang  son manteau et son pull avant de monter sur le podium du Salon du chocolat de Paris  ,Tue Nov 10 11:23:31 CET 2015,chocolat,4
664025267938181120,cedubeton,Aliz e avait d j  mang  son manteau et son pull avant de monter sur le podium du Salon du chocolat de Paris  ,Tue Nov 10 11:22:15 CET 2015,chocolat,4
664025206382546946,COLDDINK,  ha cecile   Krunchips Un magnifique moment au salon du chocolat ,Tue Nov 10 11:22:00 CET 2015,chocolat,4
664026460626288645,daline ,Jui avec Claire et omanne on est en train de boire un chocolat  ,Tue Nov 10 11:26:59 CET 2015,chocolat,4
664026392619786240,thg,le chocolat ma vie,Tue Nov 10 11:26:43 CET 2015,chocolat,4
664026061441802240,tg,  Idisaagree   claemsy le chocolat a besoin de moi mais je vais lui mettre un r teau,Tue Nov 10 11:25:24 CET 2015,chocolat,4
664026016998940672,asleep, claemsy le chocolat a besoin de moi mais je vais lui mettre un r teau,Tue Nov 10 11:25:14 CET 2015,chocolat,4
664026014373253120,Anon Nhime,Pas les tablettes de chocolat  je pense pas que je puisse en avoir tfa on  a d pend vachement de la g n tique et avec la scoliose jpense,Tue Nov 10 11:25:13 CET 2015,chocolat,4
664026002625032192,Le sucre et vous, DELICE  Ganache chocolat samana et sp culoos   Avec de la   via  Le Figaro ,Tue Nov 10 11:25:10 CET 2015,chocolat,4
664025980512567296,Le  l gramme,  wizardo29  Georges Larnicol  Le joaillier du chocolat via  letelegramme ,Tue Nov 10 11:25:05 CET 2015,chocolat,4
664025974074449924,Dulta,  maxbesnard  Grosse ambiance       https ,Tue Nov 10 11:25:03 CET 2015,chocolat,4
664025951592955904,COLDDINK,Salon du chocolat 2015 vannes Ma cr ation du oi Arthur   porte par Jack uze ,Tue Nov 10 11:24:58 CET 2015,chocolat,4
664025928390074368,tg, Idisaagree le chocolat n a pas besoin de toi  Il te veut m me pas  Alors arr te de courir apr s un mec que t auras pas,Tue Nov 10 11:24:52 CET 2015,chocolat,4
664025902360207360,moreaux raymond,artufo di pizzo Un dessert glac  au chocolat et   la noisette au coeur coulant pour vous faire fondre origina ,Tue Nov 10 11:24:46 CET 2015,chocolat,4
664025815739408384,tg, Idisaagree everybody stay calm   La question est   as tu besoin du chocolat ou le chocolat a t il besoin de toi  ,Tue Nov 10 11:24:26 CET 2015,chocolat,4
664025588223614976,Pomme,  cedubeton  Aliz e avait d j  mang  son manteau et son pull avant de monter sur le podium du Salon du chocolat de Paris  ,Tue Nov 10 11:23:31 CET 2015,chocolat,4
664025267938181120,cedubeton,Aliz e avait d j  mang  son manteau et son pull avant de monter sur le podium du Salon du chocolat de Paris  ,Tue Nov 10 11:22:15 CET 2015,chocolat,4
664025206382546946,COLDDINK,  ha cecile   Krunchips Un magnifique moment au salon du chocolat ,Tue Nov 10 11:22:00 CET 2015,chocolat,4
664026460626288645,daline ,Jui avec Claire et omanne on est en train de boire un chocolat  ,Tue Nov 10 11:26:59 CET 2015,chocolat,4
664026392619786240,thg,le chocolat ma vie,Tue Nov 10 11:26:43 CET 2015,chocolat,4
664026061441802240,tg,  Idisaagree   claemsy le chocolat a besoin de moi  mais je vais lui mettre un r teau,Tue Nov 10 11:25:24 CET 2015,chocolat,4
664026016998940672,asleep, claemsy le chocolat a besoin de moi  mais je vais lui mettre un r teau,Tue Nov 10 11:25:14 CET 2015,chocolat,4
664026014373253120,Anon Nhime,Pas les tablettes de chocolat  je pense pas que je puisse en avoir tfa on   a d pend vachement de la g n tique et avec la scoliose jpense,Tue Nov 10 11:25:13 CET 2015,chocolat,4
664026002625032192,Le sucre et vous, DELICE  Ganache chocolat samana et sp culoos   Avec de la   via  Le Figaro ,Tue Nov 10 11:25:10 CET 2015,chocolat,4
664025980512567296,Le  l gramme,  wizardo29  Georges Larnicol  Le joaillier du chocolat via  letelegramme ,Tue Nov 10 11:25:05 CET 2015,chocolat,4
664025974074449924,Dulta,  maxbesnard  Grosse ambiance       https ,Tue Nov 10 11:25:03 CET 2015,chocolat,4
664025951592955904,COLDDINK,Salon du chocolat 2015  vannes   Ma cr ation du oi Arthur   porte par Jack uze ,Tue Nov 10 11:24:58 CET 2015,chocolat,4
664025928390074368,tg, Idisaagree le chocolat n a pas besoin de toi  Il te veut m me pas  Alors arr te de courir apr s un mec que t auras pas,Tue Nov 10 11:24:52 CET 2015,chocolat,4
664025902360207360,moreaux raymond,artufo di pizzo Un dessert glac  au chocolat et   la noisette  au coeur coulant pour vous faire fondre  origina ,Tue Nov 10 11:24:46 CET 2015,chocolat,4
664025815739408384,tg, Idisaagree everybody stay calm   La question est   as tu besoin du chocolat ou le chocolat a t il besoin de toi  ,Tue Nov 10 11:24:26 CET 2015,chocolat,4
664025588223614976,Pomme,  cedubeton  Aliz e avait d j  mang  son manteau et son pull avant de monter sur le podium du Salon du chocolat de Paris  ,Tue Nov 10 11:23:31 CET 2015,chocolat,4
664025267938181120,cedubeton,Aliz e avait d j  mang  son manteau et son pull avant de monter sur le podium du Salon du chocolat de Paris  ,Tue Nov 10 11:22:15 CET 2015,chocolat,4
664025206382546946,COLDDINK,  ha cecile   Krunchips Un magnifique moment au salon du chocolat ,Tue Nov 10 11:22:00 CET 2015,chocolat,4
664026460626288645,daline ,Jui avec Claire et omanne on est en train de boire un chocolat  ,Tue Nov 10 11:26:59 CET 2015,chocolat,4
664026392619786240,thg,le chocolat ma vie,Tue Nov 10 11:26:43 CET 2015,chocolat,4
664026061441802240,tg,  Idisaagree   claemsy le chocolat a besoin de moi  mais je vais lui mettre un r teau,Tue Nov 10 11:25:24 CET 2015,chocolat,4
664026016998940672,asleep, claemsy le chocolat a besoin de moi  mais je vais lui mettre un r teau,Tue Nov 10 11:25:14 CET 2015,chocolat,4
664026014373253120,Anon Nhime,Pas les tablettes de chocolat  je pense pas que je puisse en avoir tfa on   a d pend vachement de la g n tique et avec la scoliose jpense,Tue Nov 10 11:25:13 CET 2015,chocolat,4
664026002625032192,Le sucre et vous, DELICE  Ganache chocolat samana et sp culoos   Avec de la  vergeoise   https t co D2VnkwtxGq via  Le Figaro https t co sUU9dMj4rh,Tue Nov 10 11:25:10 CET 2015,chocolat,4
664025980512567296,Le  l gramme,  wizardo29  Georges Larnicol  Le joaillier du chocolat https t co cWMqwSGF5V via  letelegramme https t co 2h30GO473B,Tue Nov 10 11:25:05 CET 2015,chocolat,4
664025974074449924,Dulta,  maxbesnard  Grosse ambiance    Bruges  boobs  boobies  seins  chocolat  belgique  belgitude  foodporn  https t co su76zZ8VxG https ,Tue Nov 10 11:25:03 CET 2015,chocolat,4
664025951592955904,COLDDINK,Salon du chocolat 2015  vannes   Ma cr ation du oi Arthur   porte par Jack uze https t co QpyUbxvmXl,Tue Nov 10 11:24:58 CET 2015,chocolat,4
664025928390074368,tg, Idisaagree le chocolat n a pas besoin de toi  Il te veut m me pas  Alors arr te de courir apr s un mec que t auras pas,Tue Nov 10 11:24:52 CET 2015,chocolat,4
664025902360207360,moreaux raymond,artufo di pizzo Un dessert glac  au chocolat et   la noisette  au coeur coulant pour vous faire fondre  origina https t co yf7B0ekU4,Tue Nov 10 11:24:46 CET 2015,chocolat,4
664025815739408384,tg, Idisaagree everybody stay calm   La question est   as tu besoin du chocolat ou le chocolat a t il besoin de toi  ,Tue Nov 10 11:24:26 CET 2015,chocolat,4
664025588223614976,Pomme,  cedubeton  Aliz e avait d j  mang  son manteau et son pull avant de monter sur le podium du Salon du chocolat de Paris  https t co Ax ,Tue Nov 10 11:23:31 CET 2015,chocolat,4
664025267938181120,cedubeton,Aliz e avait d j  mang  son manteau et son pull avant de monter sur le podium du Salon du chocolat de Paris  https t co AxU0YDGiO7,Tue Nov 10 11:22:15 CET 2015,chocolat,4
664025206382546946,COLDDINK,  ha cecile   Krunchips Un magnifique moment au salon du chocolat ,Tue Nov 10 11:22:00 CET 2015,chocolat,4
664026460626288645,daline ,Jui avec Claire et omanne on est en train de boire un chocolat  ,Tue Nov 10 11:26:59 CET 2015,chocolat,4
664026392619786240,thg,le chocolat ma vie,Tue Nov 10 11:26:43 CET 2015,chocolat,4
664026061441802240,tg,   le chocolat a besoin de moi mais je vais lui mettre un r teau,Tue Nov 10 11:25:24 CET 2015,chocolat,4
664026016998940672,asleep, le chocolat a besoin de moi mais je vais lui mettre un r teau,Tue Nov 10 11:25:14 CET 2015,chocolat,4
664026014373253120,Anon Nhime,Pas les tablettes de chocolat  je pense pas que je puisse en avoir tfa on  a d pend vachement de la g n tique et avec la scoliose jpense,Tue Nov 10 11:25:13 CET 2015,chocolat,4
664026002625032192,Le sucre et vous, DELICE  Ganache chocolat samana et sp culoos   Avec de la   via ,Tue Nov 10 11:25:10 CET 2015,chocolat,4
664025980512567296,Le  l gramme,   Georges Larnicol  Le joaillier du chocolat via ,Tue Nov 10 11:25:05 CET 2015,chocolat,4
664025974074449924,Dulta,   Grosse ambiance       https ,Tue Nov 10 11:25:03 CET 2015,chocolat,4
664025951592955904,COLDDINK,Salon du chocolat 2015 vannes Ma cr ation du oi Arthur   porte par Jack uze ,Tue Nov 10 11:24:58 CET 2015,chocolat,4
664025928390074368,tg, le chocolat n a pas besoin de toi  Il te veut m me pas  Alors arr te de courir apr s un mec que t auras pas,Tue Nov 10 11:24:52 CET 2015,chocolat,4
664025902360207360,moreaux raymond,artufo di pizzo Un dessert glac  au chocolat et   la noisette au coeur coulant pour vous faire fondre origina ,Tue Nov 10 11:24:46 CET 2015,chocolat,4
664025815739408384,tg, everybody stay calm   La question est   as tu besoin du chocolat ou le chocolat a t il besoin de toi  ,Tue Nov 10 11:24:26 CET 2015,chocolat,4
664025588223614976,Pomme,   Aliz e avait d j  mang  son manteau et son pull avant de monter sur le podium du Salon du chocolat de Paris  ,Tue Nov 10 11:23:31 CET 2015,chocolat,4
664025267938181120,cedubeton,Aliz e avait d j  mang  son manteau et son pull avant de monter sur le podium du Salon du chocolat de Paris  ,Tue Nov 10 11:22:15 CET 2015,chocolat,4
664025206382546946,COLDDINK,   Un magnifique moment au salon du chocolat ,Tue Nov 10 11:22:00 CET 2015,chocolat,4
664026460626288645,daline ,Jui avec Claire et omanne on est en train de boire un chocolat  ,Tue Nov 10 11:26:59 CET 2015,chocolat,4
664026392619786240,thg,le chocolat ma vie,Tue Nov 10 11:26:43 CET 2015,chocolat,4
664026061441802240,tg,   le chocolat a besoin de moi  mais je vais lui mettre un r teau,Tue Nov 10 11:25:24 CET 2015,chocolat,4
664026016998940672,asleep, le chocolat a besoin de moi  mais je vais lui mettre un r teau,Tue Nov 10 11:25:14 CET 2015,chocolat,4
664026014373253120,Anon Nhime,Pas les tablettes de chocolat  je pense pas que je puisse en avoir tfa on   a d pend vachement de la g n tique et avec la scoliose jpense,Tue Nov 10 11:25:13 CET 2015,chocolat,4
664026002625032192,Le sucre et vous, DELICE  Ganache chocolat samana et sp culoos   Avec de la   via ,Tue Nov 10 11:25:10 CET 2015,chocolat,4
664025980512567296,Le  l gramme,   Georges Larnicol  Le joaillier du chocolat via ,Tue Nov 10 11:25:05 CET 2015,chocolat,4
664025974074449924,Dulta,   Grosse ambiance       https ,Tue Nov 10 11:25:03 CET 2015,chocolat,4
664025951592955904,COLDDINK,Salon du chocolat 2015  vannes   Ma cr ation du oi Arthur   porte par Jack uze ,Tue Nov 10 11:24:58 CET 2015,chocolat,4
664025928390074368,tg, le chocolat n a pas besoin de toi  Il te veut m me pas  Alors arr te de courir apr s un mec que t auras pas,Tue Nov 10 11:24:52 CET 2015,chocolat,4
664025902360207360,moreaux raymond,artufo di pizzo Un dessert glac  au chocolat et   la noisette  au coeur coulant pour vous faire fondre  origina ,Tue Nov 10 11:24:46 CET 2015,chocolat,4
664025815739408384,tg, everybody stay calm   La question est   as tu besoin du chocolat ou le chocolat a t il besoin de toi  ,Tue Nov 10 11:24:26 CET 2015,chocolat,4
664025588223614976,Pomme,   Aliz e avait d j  mang  son manteau et son pull avant de monter sur le podium du Salon du chocolat de Paris  ,Tue Nov 10 11:23:31 CET 2015,chocolat,4
664025267938181120,cedubeton,Aliz e avait d j  mang  son manteau et son pull avant de monter sur le podium du Salon du chocolat de Paris  ,Tue Nov 10 11:22:15 CET 2015,chocolat,4
664025206382546946,COLDDINK,   Un magnifique moment au salon du chocolat ,Tue Nov 10 11:22:00 CET 2015,chocolat,4
664026460626288645,daline ,Jui avec Claire et omanne on est en train de boire un chocolat  ,Tue Nov 10 11:26:59 CET 2015,chocolat,4
664026392619786240,thg,le chocolat ma vie,Tue Nov 10 11:26:43 CET 2015,chocolat,4
664026061441802240,tg,   le chocolat a besoin de moi mais je vais lui mettre un r teau,Tue Nov 10 11:25:24 CET 2015,chocolat,4
664026016998940672,asleep, le chocolat a besoin de moi mais je vais lui mettre un r teau,Tue Nov 10 11:25:14 CET 2015,chocolat,4
664026014373253120,Anon Nhime,Pas les tablettes de chocolat  je pense pas que je puisse en avoir tfa on  a d pend vachement de la g n tique et avec la scoliose jpense,Tue Nov 10 11:25:13 CET 2015,chocolat,4
664026002625032192,Le sucre et vous, DELICE  Ganache chocolat samana et sp culoos   Avec de la   via ,Tue Nov 10 11:25:10 CET 2015,chocolat,4
664025980512567296,Le  l gramme,   Georges Larnicol  Le joaillier du chocolat via ,Tue Nov 10 11:25:05 CET 2015,chocolat,4
664025974074449924,Dulta,   Grosse ambiance       https ,Tue Nov 10 11:25:03 CET 2015,chocolat,4
664025951592955904,COLDDINK,Salon du chocolat 2015 vannes Ma cr ation du oi Arthur   porte par Jack uze ,Tue Nov 10 11:24:58 CET 2015,chocolat,4
664025928390074368,tg, le chocolat n a pas besoin de toi  Il te veut m me pas  Alors arr te de courir apr s un mec que t auras pas,Tue Nov 10 11:24:52 CET 2015,chocolat,4
664025902360207360,moreaux raymond,artufo di pizzo Un dessert glac  au chocolat et   la noisette au coeur coulant pour vous faire fondre origina ,Tue Nov 10 11:24:46 CET 2015,chocolat,4
664025815739408384,tg, everybody stay calm   La question est   as tu besoin du chocolat ou le chocolat a t il besoin de toi  ,Tue Nov 10 11:24:26 CET 2015,chocolat,4
664025588223614976,Pomme,   Aliz e avait d j  mang  son manteau et son pull avant de monter sur le podium du Salon du chocolat de Paris  ,Tue Nov 10 11:23:31 CET 2015,chocolat,4
664025267938181120,cedubeton,Aliz e avait d j  mang  son manteau et son pull avant de monter sur le podium du Salon du chocolat de Paris  ,Tue Nov 10 11:22:15 CET 2015,chocolat,4
664025206382546946,COLDDINK,   Un magnifique moment au salon du chocolat ,Tue Nov 10 11:22:00 CET 2015,chocolat,4
664026460626288645,daline ,Jui avec Claire et omanne on est en train de boire un chocolat  ,Tue Nov 10 11:26:59 CET 2015,chocolat,4
664026392619786240,thg,le chocolat ma vie,Tue Nov 10 11:26:43 CET 2015,chocolat,4
664026061441802240,tg,   le chocolat a besoin de moi mais je vais lui mettre un r teau,Tue Nov 10 11:25:24 CET 2015,chocolat,4
664026016998940672,asleep, le chocolat a besoin de moi mais je vais lui mettre un r teau,Tue Nov 10 11:25:14 CET 2015,chocolat,4
664026014373253120,Anon Nhime,Pas les tablettes de chocolat  je pense pas que je puisse en avoir tfa on  a d pend vachement de la g n tique et avec la scoliose jpense,Tue Nov 10 11:25:13 CET 2015,chocolat,4
664026002625032192,Le sucre et vous, DELICE  Ganache chocolat samana et sp culoos   Avec de la  vergeoise   https t co D2VnkwtxGq via https t co sUU9dMj4rh,Tue Nov 10 11:25:10 CET 2015,chocolat,4
664025980512567296,Le  l gramme,   Georges Larnicol  Le joaillier du chocolat https t co cWMqwSGF5V via https t co 2h30GO473B,Tue Nov 10 11:25:05 CET 2015,chocolat,4
664025974074449924,Dulta,   Grosse ambiance    Bruges  boobs  boobies  seins  chocolat  belgique  belgitude  foodporn  https t co su76zZ8VxG https ,Tue Nov 10 11:25:03 CET 2015,chocolat,4
664025951592955904,COLDDINK,Salon du chocolat 2015 vannes Ma cr ation du oi Arthur   porte par Jack uze https t co QpyUbxvmXl,Tue Nov 10 11:24:58 CET 2015,chocolat,4
664025928390074368,tg, le chocolat n a pas besoin de toi  Il te veut m me pas  Alors arr te de courir apr s un mec que t auras pas,Tue Nov 10 11:24:52 CET 2015,chocolat,4
664025902360207360,moreaux raymond,artufo di pizzo Un dessert glac  au chocolat et   la noisette au coeur coulant pour vous faire fondre origina https t co yf7B0ekU4,Tue Nov 10 11:24:46 CET 2015,chocolat,4
664025815739408384,tg, everybody stay calm   La question est   as tu besoin du chocolat ou le chocolat a t il besoin de toi  ,Tue Nov 10 11:24:26 CET 2015,chocolat,4
664025588223614976,Pomme,   Aliz e avait d j  mang  son manteau et son pull avant de monter sur le podium du Salon du chocolat de Paris  https t co Ax ,Tue Nov 10 11:23:31 CET 2015,chocolat,4
664025267938181120,cedubeton,Aliz e avait d j  mang  son manteau et son pull avant de monter sur le podium du Salon du chocolat de Paris  https t co AxU0YDGiO7,Tue Nov 10 11:22:15 CET 2015,chocolat,4
664025206382546946,COLDDINK,   Un magnifique moment au salon du chocolat ,Tue Nov 10 11:22:00 CET 2015,chocolat,4
664026460626288645,daline ,Jui avec Claire et omanne on est en train de boire un chocolat  ,Tue Nov 10 11:26:59 CET 2015,chocolat,4
664026392619786240,thg,le chocolat ma vie,Tue Nov 10 11:26:43 CET 2015,chocolat,4
664026061441802240,tg,   le chocolat a besoin de moi mais je vais lui mettre un r teau,Tue Nov 10 11:25:24 CET 2015,chocolat,4
664026016998940672,asleep, le chocolat a besoin de moi mais je vais lui mettre un r teau,Tue Nov 10 11:25:14 CET 2015,chocolat,4
664026014373253120,Anon Nhime,Pas les tablettes de chocolat  je pense pas que je puisse en avoir tfa on  a d pend vachement de la g n tique et avec la scoliose jpense,Tue Nov 10 11:25:13 CET 2015,chocolat,4
664026002625032192,Le sucre et vous, DELICE  Ganache chocolat samana et sp culoos   Avec de la   via ,Tue Nov 10 11:25:10 CET 2015,chocolat,4